<?xml version="1.0" encoding="UTF-8"?>
<project-private xmlns="http://www.netbeans.org/ns/project-private/1">
    <editor-bookmarks xmlns="http://www.netbeans.org/ns/editor-bookmarks/2" lastBookmarkId="0"/>
    <open-files xmlns="http://www.netbeans.org/ns/projectui-open-files/2">
        <group>
            <file>file:/C:/Users/Alessandra/OneDrive%20-%20Singapore%20Institute%20Of%20Technology/Documents/NetBeansProjects/1005GroupProject/menu.php</file>
            <file>file:/C:/Users/Alessandra/OneDrive%20-%20Singapore%20Institute%20Of%20Technology/Documents/NetBeansProjects/1005GroupProject/css/main.css</file>
        </group>
    </open-files>
</project-private>
